INSERT INTO civil_servant (identity_id, organisational_unit_id, grade_id, profession_id, full_name) VALUES
  ('1', '3', '5', '3', 'learner'),
  ('2', '1', '5', '1', 'course-manager'),
  ('3', '1', '5', '1', 'identity-manager'),
  ('4', '1', '1', '1', 'organisation-reporter'),
  ('5', '1', '2', '1', 'profession-reporter'),
  ('6', '1', '5', '1', 'cshr-reporter'),
  ('7', '1', '5', '1', 'booking-feed'),
  ('8', '1', '5', '1', 'manage-po'),
  ('9', '2', '3', '5', 'organisation-reporter-2'),
  ('10', '5', '4', '2', 'profession-reporter-2'),
  ('11', '1', '5', '1', 'supplier-reporter'),
  ('12', '1', '6', '1', 'kpmg-supplier-reporter'),
  ('13', '1', '7', '1', 'kornferry-supplier-reporter'),
  ('14', '1', '5', '1', 'csl-author'),
  ('15', '1', '1', '1', 'organisation-author'),
  ('16', '1', '2', '1', 'profession-author'),
  ('17', '1', '6', '1', 'kpmg-supplier-author'),
  ('18', '1', '7', '1', 'kornferry-supplier-author'),
  ('19', '4', '5', '4', 'knowledgepool-supplier-author'),
  ('20', '1', '5', '1', 'learning-manager'),
  ('21', '1', '5', '1', 'organisation-manager'),
  ('22', '1', '5', '2', 'profession-manager'),
  ('23', '1', '5', '1', 'identity-delete'),
  ('24', '1', '1', '1', 'learner-organisation-1'),
  ('25', '2', '3', '5', 'learner-organisation-2'),
  ('26', '1', '2', '1', 'learner-profession-1'),
  ('27', '5', '4', '2', 'learner-profession-2'),
  ('28', '1', '5', '1', 'learner-cshr'),
  ('29', '1', '5', '1', 'learner-booking-feed'),
  ('30', '4', '5', '4', 'learner-supplier'),
  ('31', '1', '6', '1', 'learner-kpmg-supplier'),
  ('32', '1', '7', '1', 'learner-kornferry-supplier'),
  ('33', '1', '5', '1', 'super-admin')
  ;

INSERT INTO civil_servant_interests (civil_servant_id, interests_id) VALUES
  ('1', '3'),
  ('2', '1'),
  ('3', '1'),
  ('4', '1'),
  ('5', '1'),
  ('6', '1'),
  ('7', '1'),
  ('8', '1'),
  ('9', '3'),
  ('10', '2'),
  ('11', '1'),
  ('12', '1'),
  ('13', '1'),
  ('14', '1'),
  ('15', '1'),
  ('16', '1'),
  ('17', '1'),
  ('18', '1'),
  ('19', '4'),
  ('20', '1'),
  ('21', '2'),
  ('22', '1'),
  ('23', '1'),
  ('24', '1'),
  ('25', '3'),
  ('26', '1'),
  ('27', '2'),
  ('28', '1'),
  ('29', '1'),
  ('30', '4'),
  ('31', '1'),
  ('32', '1'),
  ('33', '1')
  ;

INSERT INTO civil_servant_other_areas_of_work (civil_servant_id, other_areas_of_work_id) VALUES
  ('1', '1'),
  ('2', '2'),
  ('3', '3'),
  ('4', '4'),
  ('5', '5'),
  ('6', '6'),
  ('7', '7'),
  ('8', '8'),
  ('9', '9'),
  ('10', '10'),
  ('11', '11'),
  ('12', '12'),
  ('13', '13'),
  ('14', '6'),
  ('15', '4'),
  ('16', '5'),
  ('17', '12'),
  ('18', '13'),
  ('19', '19'),
  ('20', '20'),
  ('21', '21'),
  ('22', '22'),
  ('23', '23'),
  ('24', '4'),
  ('25', '9'),
  ('26', '5'),
  ('27', '10'),
  ('28', '6'),
  ('29', '29'),
  ('30', '30'),
  ('31', '12'),
  ('32', '2'),
  ('33', '3')
  ;
